Timestamp, Position, Velocity, Acceleration
0.005,2.5E-5,0.005,0.005
0.01,7.4999996E-5,0.01,0.005
0.015,1.4999999E-4,0.015,0.005
0.02,2.4999998E-4,0.02,0.005
0.024999999,3.7499997E-4,0.024999999,0.005
0.029999997,5.25E-4,0.029999997,0.005
0.034999996,7.0E-4,0.034999996,0.005
0.039999995,9.0E-4,0.039999995,0.005
0.044999994,0.001125,0.044999994,0.005
0.049999993,0.0013749999,0.049999993,0.005
0.054999992,0.0016499999,0.054999992,0.005
0.05999999,0.0019499998,0.05999999,0.005
0.06499999,0.0022749999,0.06499999,0.005
0.06999999,0.0026249997,0.06999999,0.005
0.074999996,0.0029999998,0.074999996,0.005
0.08,0.0033999998,0.08,0.005
0.085,0.0038249998,0.085,0.005
0.09,0.0042749997,0.09,0.005
0.095000006,0.00475,0.095000006,0.005
0.10000001,0.00525,0.10000001,0.005
0.10500001,0.005775,0.10500001,0.005
0.110000014,0.006325,0.110000014,0.005
0.11500002,0.0069,0.11500002,0.005
0.12000002,0.0075,0.12000002,0.005
0.12500001,0.008125,0.12500001,0.005
0.13000001,0.0087749995,0.13000001,0.005
0.135,0.00945,0.135,0.005
0.14,0.0101499995,0.14,0.005
0.145,0.010875,0.145,0.005
0.14999999,0.011624999,0.14999999,0.005
0.15499999,0.012399999,0.15499999,0.005
0.15999998,0.013199999,0.15999998,0.005
0.16499998,0.014024999,0.16499998,0.005
0.16999997,0.0148749985,0.16999997,0.005
0.17499997,0.015749998,0.17499997,0.005
0.17999996,0.016649999,0.17999996,0.005
0.18499996,0.017574998,0.18499996,0.005
0.18999995,0.018524997,0.18999995,0.005
0.19499995,0.019499997,0.19499995,0.005
0.19999994,0.020499997,0.19999994,0.005
0.20499994,0.021524996,0.20499994,0.005
0.20999993,0.022574995,0.20999993,0.005
0.21499993,0.023649994,0.21499993,0.005
0.21999992,0.024749994,0.21999992,0.005
0.22499992,0.025874995,0.22499992,0.005
0.22999991,0.027024994,0.22999991,0.005
0.23499991,0.028199993,0.23499991,0.005
0.2399999,0.029399993,0.2399999,0.005
0.2449999,0.030624993,0.2449999,0.005
0.2499999,0.031874992,0.2499999,0.005
0.2549999,0.03314999,0.2549999,0.005
0.2599999,0.03444999,0.2599999,0.005
0.2649999,0.03577499,0.2649999,0.005
0.2699999,0.03712499,0.2699999,0.005
0.2749999,0.038499992,0.2749999,0.005
0.27999988,0.03989999,0.27999988,0.005
0.28499988,0.041324988,0.28499988,0.005
0.28999987,0.042774986,0.28999987,0.005
0.29499987,0.044249985,0.29499987,0.005
0.29999986,0.045749985,0.29999986,0.005
0.30499986,0.047274984,0.30499986,0.005
0.30999985,0.048824985,0.30999985,0.005
0.31499985,0.050399985,0.31499985,0.005
0.31999984,0.051999986,0.31999984,0.005
0.32499984,0.053624984,0.32499984,0.005
0.32999983,0.055274982,0.32999983,0.005
0.33499983,0.05694998,0.33499983,0.005
0.33999982,0.05864998,0.33999982,0.005
0.34499982,0.06037498,0.34499982,0.005
0.34999982,0.06212498,0.34999982,0.005
0.3549998,0.06389998,0.3549998,0.005
0.3599998,0.06569998,0.3599998,0.005
0.3649998,0.06752498,0.3649998,0.005
0.3699998,0.06937498,0.3699998,0.005
0.3749998,0.07124998,0.3749998,0.005
0.3799998,0.07314998,0.3799998,0.005
0.38499978,0.07507498,0.38499978,0.005
0.38999978,0.077024974,0.38999978,0.005
0.39499977,0.078999974,0.39499977,0.005
0.39999977,0.08099997,0.39999977,0.005
0.40499976,0.08302497,0.40499976,0.005
0.40999976,0.08507497,0.40999976,0.005
0.41499975,0.08714997,0.41499975,0.005
0.41999975,0.08924997,0.41999975,0.005
0.42499974,0.09137496,0.42499974,0.005
0.42999974,0.09352496,0.42999974,0.005
0.43499973,0.09569996,0.43499973,0.005
0.43999973,0.09789996,0.43999973,0.005
0.44499972,0.100124955,0.44499972,0.005
0.44999972,0.102374956,0.44999972,0.005
0.45499972,0.10464995,0.45499972,0.005
0.4599997,0.106949955,0.4599997,0.005
0.4649997,0.10927495,0.4649997,0.005
0.4699997,0.11162495,0.4699997,0.005
0.4749997,0.11399995,0.4749997,0.005
0.4799997,0.116399944,0.4799997,0.005
0.4849997,0.118824944,0.4849997,0.005
0.48999968,0.12127494,0.48999968,0.005
0.49499968,0.12374994,0.49499968,0.005
0.49999967,0.12624994,0.49999967,0.005
0.5049997,0.12877494,0.5049997,0.005
0.5099997,0.13132495,0.5099997,0.005
0.5149997,0.13389994,0.5149997,0.005
0.5199997,0.13649994,0.5199997,0.005
0.5249997,0.13912494,0.5249997,0.005
0.5299997,0.14177494,0.5299997,0.005
0.53499967,0.14444993,0.53499967,0.005
0.53999966,0.14714994,0.53999966,0.005
0.54499966,0.14987494,0.54499966,0.005
0.54999965,0.15262493,0.54999965,0.005
0.55499965,0.15539993,0.55499965,0.005
0.55999964,0.15819994,0.55999964,0.005
0.56499964,0.16102493,0.56499964,0.005
0.56999964,0.16387492,0.56999964,0.005
0.57499963,0.16674992,0.57499963,0.005
0.5799996,0.16964993,0.5799996,0.005
0.5849996,0.17257492,0.5849996,0.005
0.5899996,0.17552492,0.5899996,0.005
0.5949996,0.17849992,0.5949996,0.005
0.5999996,0.18149991,0.5999996,0.005
0.6049996,0.18452491,0.6049996,0.005
0.6099996,0.18757491,0.6099996,0.005
0.6149996,0.19064991,0.6149996,0.005
0.6199996,0.1937499,0.6199996,0.005
0.6249996,0.1968749,0.6249996,0.005
0.6299996,0.2000249,0.6299996,0.005
0.6349996,0.2031999,0.6349996,0.005
0.63999957,0.20639989,0.63999957,0.005
0.64499956,0.20962489,0.64499956,0.005
0.64999956,0.21287489,0.64999956,0.005
0.65499955,0.21614988,0.65499955,0.005
0.65999955,0.21944988,0.65999955,0.005
0.66499954,0.22277488,0.66499954,0.005
0.66999954,0.22612488,0.66999954,0.005
0.67499954,0.22949988,0.67499954,0.005
0.67999953,0.23289987,0.67999953,0.005
0.6849995,0.23632488,0.6849995,0.005
0.6899995,0.23977487,0.6899995,0.005
0.6949995,0.24324986,0.6949995,0.005
0.6999995,0.24674986,0.6999995,0.005
0.7049995,0.25027487,0.7049995,0.005
0.7099995,0.25382486,0.7099995,0.005
0.7149995,0.25739986,0.7149995,0.005
0.7199995,0.26099986,0.7199995,0.005
0.7249995,0.26462486,0.7249995,0.005
0.7299995,0.26827487,0.7299995,0.005
0.7349995,0.27194986,0.7349995,0.005
0.7399995,0.27564985,0.7399995,0.005
0.74499947,0.27937484,0.74499947,0.005
0.74999946,0.28312483,0.74999946,0.005
0.75499946,0.28689983,0.75499946,0.005
0.75999945,0.29069984,0.75999945,0.005
0.76499945,0.29452485,0.76499945,0.005
0.76999944,0.29837483,0.76999944,0.005
0.77499944,0.30224982,0.77499944,0.005
0.77999943,0.3061498,0.77999943,0.005
0.78499943,0.3100748,0.78499943,0.005
0.7899994,0.3140248,0.7899994,0.005
0.7949994,0.3179998,0.7949994,0.005
0.7999994,0.32199982,0.7999994,0.005
0.8049994,0.3260248,0.8049994,0.005
0.8099994,0.3300748,0.8099994,0.005
0.8149994,0.33414978,0.8149994,0.005
0.8199994,0.33824977,0.8199994,0.005
0.8249994,0.34237477,0.8249994,0.005
0.8299994,0.34652478,0.8299994,0.005
0.8349994,0.35069978,0.8349994,0.005
0.8399994,0.3548998,0.8399994,0.005
0.8449994,0.35912478,0.8449994,0.005
0.84999937,0.36337477,0.84999937,0.005
0.85499936,0.36764976,0.85499936,0.005
0.85999936,0.37194976,0.85999936,0.005
0.86499935,0.37627476,0.86499935,0.005
0.86999935,0.38062477,0.86999935,0.005
0.87499934,0.38499978,0.87499934,0.005
0.87999934,0.38939977,0.87999934,0.005
0.88499933,0.39382476,0.88499933,0.005
0.88999933,0.39827475,0.88999933,0.005
0.8949993,0.40274975,0.8949993,0.005
0.8999993,0.40724975,0.8999993,0.005
0.9049993,0.41177475,0.9049993,0.005
0.9099993,0.41632476,0.9099993,0.005
0.9149993,0.42089975,0.9149993,0.005
0.9199993,0.42549974,0.9199993,0.005
0.9249993,0.43012473,0.9249993,0.005
0.9299993,0.43477473,0.9299993,0.005
0.9349993,0.43944973,0.9349993,0.005
0.9399993,0.44414973,0.9399993,0.005
0.9449993,0.44887474,0.9449993,0.005
0.9499993,0.45362473,0.9499993,0.005
0.95499927,0.4583997,0.95499927,0.005
0.95999926,0.4631997,0.95999926,0.005
0.96499926,0.4680247,0.96499926,0.005
0.96999925,0.4728747,0.96999925,0.005
0.97499925,0.4777497,0.97499925,0.005
0.97999924,0.4826497,0.97999924,0.005
0.98499924,0.4875747,0.98499924,0.005
0.98999923,0.49252468,0.98999923,0.005
0.99499923,0.49749967,0.99499923,0.005
0.9999992,0.5024997,0.9999992,0.005
1.0049993,0.50752467,1.0049993,0.005
1.0099993,0.5125747,1.0099993,0.005
1.0149993,0.51764965,1.0149993,0.005
1.0199993,0.52274966,1.0199993,0.005
1.0249993,0.52787465,1.0249993,0.005
1.0299993,0.53302467,1.0299993,0.005
1.0349993,0.53819966,1.0349993,0.005
1.0399992,0.54339963,1.0399992,0.005
1.0449992,0.54862463,1.0449992,0.005
1.0499992,0.5538746,1.0499992,0.005
1.0549992,0.5591496,1.0549992,0.005
1.0599992,0.5644496,1.0599992,0.005
1.0649992,0.5697746,1.0649992,0.005
1.0699992,0.5751246,1.0699992,0.005
1.0749992,0.5804996,1.0749992,0.005
1.0799992,0.5858996,1.0799992,0.005
1.0849992,0.59132457,1.0849992,0.005
1.0899992,0.5967746,1.0899992,0.005
1.0949992,0.60224956,1.0949992,0.005
1.0999992,0.6077496,1.0999992,0.005
1.1049992,0.6132746,1.1049992,0.005
1.1099992,0.61882454,1.1099992,0.005
1.1149992,0.62439954,1.1149992,0.005
1.1199992,0.6299995,1.1199992,0.005
1.1249992,0.6356245,1.1249992,0.005
1.1299992,0.6412745,1.1299992,0.005
1.1349992,0.6469495,1.1349992,0.005
1.1399992,0.6526495,1.1399992,0.005
1.1449991,0.6583745,1.1449991,0.005
1.1499991,0.6641245,1.1499991,0.005
1.1549991,0.66989946,1.1549991,0.005
1.1599991,0.6756995,1.1599991,0.005
1.1649991,0.68152446,1.1649991,0.005
1.1699991,0.6873745,1.1699991,0.005
1.1749991,0.69324946,1.1749991,0.005
1.1799991,0.6991495,1.1799991,0.005
1.1849991,0.7050745,1.1849991,0.005
1.1899991,0.71102446,1.1899991,0.005
1.1949991,0.7169995,1.1949991,0.005
1.1999991,0.72299945,1.1999991,0.005
1.2049991,0.72902447,1.2049991,0.005
1.2099991,0.73507446,1.2099991,0.005
1.2149991,0.7411495,1.2149991,0.005
1.2199991,0.7472495,1.2199991,0.005
1.2249991,0.75337446,1.2249991,0.005
1.2299991,0.75952446,1.2299991,0.005
1.2349991,0.76569945,1.2349991,0.005
1.239999,0.77189946,1.239999,0.005
1.244999,0.77812445,1.244999,0.005
1.249999,0.7843745,1.249999,0.005
1.254999,0.7906495,1.254999,0.005
1.259999,0.79694945,1.259999,0.005
1.264999,0.80327445,1.264999,0.005
1.269999,0.80962443,1.269999,0.005
1.274999,0.81599945,1.274999,0.005
1.279999,0.82239944,1.279999,0.005
1.284999,0.82882446,1.284999,0.005
1.289999,0.83527446,1.289999,0.005
1.294999,0.8417494,1.294999,0.005
1.299999,0.84824944,1.299999,0.005
1.304999,0.8547744,1.304999,0.005
1.309999,0.8613244,1.309999,0.005
1.314999,0.8678994,1.314999,0.005
1.319999,0.87449944,1.319999,0.005
1.324999,0.88112444,1.324999,0.005
1.329999,0.8877744,1.329999,0.005
1.334999,0.8944494,1.334999,0.005
1.339999,0.9011494,1.339999,0.005
1.344999,0.9078744,1.344999,0.005
1.349999,0.9146244,1.349999,0.005
1.354999,0.9213994,1.354999,0.005
1.359999,0.9281994,1.359999,0.005
1.3649989,0.9350244,1.3649989,0.005
1.3699989,0.9418744,1.3699989,0.005
1.3749989,0.94874936,1.3749989,0.005
1.3799989,0.9556494,1.3799989,0.005
1.3849989,0.96257436,1.3849989,0.005
1.3899989,0.9695244,1.3899989,0.005
1.3949989,0.9764994,1.3949989,0.005
1.3999989,0.98349935,1.3999989,0.005
1.4049989,0.99052435,1.4049989,0.005
1.4099989,0.9975743,1.4099989,0.005
1.4149989,1.0046493,1.4149989,0.005
1.4199989,1.0117493,1.4199989,0.005
1.4249989,1.0188743,1.4249989,0.005
1.4299989,1.0260243,1.4299989,0.005
1.4349989,1.0331993,1.4349989,0.005
1.4399989,1.0403993,1.4399989,0.005
1.4449989,1.0476243,1.4449989,0.005
1.4499989,1.0548743,1.4499989,0.005
1.4549989,1.0621493,1.4549989,0.005
1.4599988,1.0694493,1.4599988,0.005
1.4649988,1.0767744,1.4649988,0.005
1.4699988,1.0841243,1.4699988,0.005
1.4749988,1.0914993,1.4749988,0.005
1.4799988,1.0988994,1.4799988,0.005
1.4849988,1.1063243,1.4849988,0.005
1.4899988,1.1137743,1.4899988,0.005
1.4949988,1.1212493,1.4949988,0.005
1.4999988,1.1287494,1.4999988,0.005
1.5049988,1.1362743,1.5049988,0.005
1.5099988,1.1438243,1.5099988,0.005
1.5149988,1.1513994,1.5149988,0.005
1.5199988,1.1589993,1.5199988,0.005
1.5249988,1.1666243,1.5249988,0.005
1.5299988,1.1742743,1.5299988,0.005
1.5349988,1.1819494,1.5349988,0.005
1.5399988,1.1896493,1.5399988,0.005
1.5449988,1.1973743,1.5449988,0.005
1.5499988,1.2051244,1.5499988,0.005
1.5549988,1.2128993,1.5549988,0.005
1.5599988,1.2206993,1.5599988,0.005
1.5649987,1.2285243,1.5649987,0.005
1.5699987,1.2363744,1.5699987,0.005
1.5749987,1.2442493,1.5749987,0.005
1.5799987,1.2521493,1.5799987,0.005
1.5849987,1.2600744,1.5849987,0.005
1.5899987,1.2680243,1.5899987,0.005
1.5949987,1.2759993,1.5949987,0.005
1.5999987,1.2839993,1.5999987,0.005
1.6049987,1.2920244,1.6049987,0.005
1.6099987,1.3000743,1.6099987,0.005
1.6149987,1.3081493,1.6149987,0.005
1.6199987,1.3162494,1.6199987,0.005
1.6249987,1.3243743,1.6249987,0.005
1.6299987,1.3325243,1.6299987,0.005
1.6349987,1.3406993,1.6349987,0.005
1.6399987,1.3488994,1.6399987,0.005
1.6449987,1.3571243,1.6449987,0.005
1.6499987,1.3653743,1.6499987,0.005
1.6549987,1.3736494,1.6549987,0.005
1.6599987,1.3819493,1.6599987,0.005
1.6649987,1.3902743,1.6649987,0.005
1.6699986,1.3986243,1.6699986,0.005
1.6749986,1.4069993,1.6749986,0.005
1.6799986,1.4153993,1.6799986,0.005
1.6849986,1.4238243,1.6849986,0.005
1.6899986,1.4322743,1.6899986,0.005
1.6949986,1.4407493,1.6949986,0.005
1.6999986,1.4492493,1.6999986,0.005
1.7049986,1.4577743,1.7049986,0.005
1.7099986,1.4663243,1.7099986,0.005
1.7149986,1.4748993,1.7149986,0.005
1.7199986,1.4834993,1.7199986,0.005
1.7249986,1.4921243,1.7249986,0.005
1.7299986,1.5007743,1.7299986,0.005
1.7349986,1.5094492,1.7349986,0.005
1.7399986,1.5181493,1.7399986,0.005
1.7449986,1.5268743,1.7449986,0.005
1.7499986,1.5356243,1.7499986,0.005
1.7549986,1.5443993,1.7549986,0.005
1.7599986,1.5531993,1.7599986,0.005
1.7649986,1.5620242,1.7649986,0.005
1.7699986,1.5708742,1.7699986,0.005
1.7749985,1.5797492,1.7749985,0.005
1.7799985,1.5886493,1.7799985,0.005
1.7849985,1.5975742,1.7849985,0.005
1.7899985,1.6065242,1.7899985,0.005
1.7949985,1.6154993,1.7949985,0.005
1.7999985,1.6244992,1.7999985,0.005
1.8049985,1.6335242,1.8049985,0.005
1.8099985,1.6425742,1.8099985,0.005
1.8149985,1.6516492,1.8149985,0.005
1.8199985,1.6607492,1.8199985,0.005
1.8249985,1.6698742,1.8249985,0.005
1.8299985,1.6790242,1.8299985,0.005
1.8349985,1.6881992,1.8349985,0.005
1.8399985,1.6973991,1.8399985,0.005
1.8449985,1.7066242,1.8449985,0.005
1.8499985,1.7158742,1.8499985,0.005
1.8549985,1.7251492,1.8549985,0.005
1.8599985,1.7344491,1.8599985,0.005
1.8649985,1.7437742,1.8649985,0.005
1.8699985,1.7531241,1.8699985,0.005
1.8749985,1.7624991,1.8749985,0.005
1.8799984,1.7718991,1.8799984,0.005
1.8849984,1.7813241,1.8849984,0.005
1.8899984,1.7907741,1.8899984,0.005
1.8949984,1.8002491,1.8949984,0.005
1.8999984,1.8097491,1.8999984,0.005
1.9049984,1.8192741,1.9049984,0.005
1.9099984,1.828824,1.9099984,0.005
1.9149984,1.838399,1.9149984,0.005
1.9199984,1.8479991,1.9199984,0.005
1.9249984,1.857624,1.9249984,0.005
1.9299984,1.867274,1.9299984,0.005
1.9349984,1.8769491,1.9349984,0.005
1.9399984,1.886649,1.9399984,0.005
1.9449984,1.896374,1.9449984,0.005
1.9499984,1.906124,1.9499984,0.005
1.9549984,1.915899,1.9549984,0.005
1.9599984,1.925699,1.9599984,0.005
1.9649984,1.935524,1.9649984,0.005
1.9699984,1.945374,1.9699984,0.005
1.9749984,1.955249,1.9749984,0.005
1.9799984,1.9651489,1.9799984,0.005
1.9849983,1.9750739,1.9849983,0.005
1.9899983,1.985024,1.9899983,0.005
1.9949983,1.9949989,1.9949983,0.005
1.9999983,2.004999,1.9999983,0.005
2.0049984,2.015024,2.0049984,0.005
2.0099986,2.025074,2.0099986,0.005
2.0149987,2.035149,2.0149987,0.005
2.0199988,2.045249,2.0199988,0.005
2.024999,2.055374,2.024999,0.005
2.029999,2.0655239,2.029999,0.005
2.0349991,2.0756989,2.0349991,0.005
2.0399992,2.0858989,2.0399992,0.005
2.0449994,2.096124,2.0449994,0.005
2.0499995,2.106374,2.0499995,0.005
2.0549996,2.116649,2.0549996,0.005
2.0599997,2.1269488,2.0599997,0.005
2.0649998,2.1372738,2.0649998,0.005
2.07,2.1476238,2.07,0.005
2.075,2.1579988,2.075,0.005
2.0800002,2.1683989,2.0800002,0.005
2.0850003,2.178824,2.0850003,0.005
2.0900004,2.1892738,2.0900004,0.005
2.0950005,2.1997488,2.0950005,0.005
2.1000006,2.2102487,2.1000006,0.005
2.1050007,2.2207737,2.1050007,0.005
2.1100008,2.2313237,2.1100008,0.005
2.115001,2.2418988,2.115001,0.005
2.120001,2.2524989,2.120001,0.005
2.1250012,2.263124,2.1250012,0.005
2.1300013,2.273774,2.1300013,0.005
2.1350014,2.2844489,2.1350014,0.005
2.1400015,2.2951488,2.1400015,0.005
2.1450016,2.3058739,2.1450016,0.005
2.1500018,2.316624,2.1500018,0.005
2.1550019,2.327399,2.1550019,0.005
2.160002,2.3381991,2.160002,0.005
2.165002,2.349024,2.165002,0.005
2.1700022,2.359874,2.1700022,0.005
2.1750023,2.370749,2.1750023,0.005
2.1800025,2.381649,2.1800025,0.005
2.1850026,2.392574,2.1850026,0.005
2.1900027,2.4035242,2.1900027,0.005
2.1950028,2.4144993,2.1950028,0.005
2.200003,2.4254992,2.200003,0.005
2.205003,2.4365242,2.205003,0.005
2.2100031,2.4475741,2.2100031,0.005
2.2150033,2.4586492,2.2150033,0.005
2.2200034,2.4697492,2.2200034,0.005
2.2250035,2.4808743,2.2250035,0.005
2.2300036,2.4920244,2.2300036,0.005
2.2350037,2.5031993,2.2350037,0.005
2.2400038,2.5143993,2.2400038,0.005
2.245004,2.5256243,2.245004,0.005
2.250004,2.5368743,2.250004,0.005
2.2550042,2.5481493,2.2550042,0.005
2.2600043,2.5594494,2.2600043,0.005
2.2650044,2.5707746,2.2650044,0.005
2.2700045,2.5821245,2.2700045,0.005
2.2750046,2.5934994,2.2750046,0.005
2.2800047,2.6048994,2.2800047,0.005
2.2850049,2.6163244,2.2850049,0.005
2.290005,2.6277745,2.290005,0.005
2.295005,2.6392496,2.295005,0.005
2.3000052,2.6507497,2.3000052,0.005
2.3050053,2.6622746,2.3050053,0.005
2.3100054,2.6738245,2.3100054,0.005
2.3150055,2.6853995,2.3150055,0.005
2.3200057,2.6969995,2.3200057,0.005
2.3250058,2.7086246,2.3250058,0.005
2.330006,2.7202747,2.330006,0.005
2.335006,2.7319498,2.335006,0.005
2.340006,2.7436497,2.340006,0.005
2.3450062,2.7553747,2.3450062,0.005
2.3500063,2.7671247,2.3500063,0.005
2.3550065,2.7788997,2.3550065,0.005
2.3600066,2.7906997,2.3600066,0.005
2.3650067,2.8025248,2.3650067,0.005
2.3700068,2.814375,2.3700068,0.005
2.375007,2.82625,2.375007,0.005
2.380007,2.83815,2.380007,0.005
2.3850071,2.850075,2.3850071,0.005
2.3900073,2.862025,2.3900073,0.005
2.3950074,2.874,2.3950074,0.005
2.4000075,2.8860002,2.4000075,0.005
2.4050076,2.8980253,2.4050076,0.005
2.4100077,2.9100754,2.4100077,0.005
2.4150078,2.9221504,2.4150078,0.005
2.420008,2.9342504,2.420008,0.005
2.425008,2.9463754,2.425008,0.005
2.4300082,2.9585254,2.4300082,0.005
2.4350083,2.9707005,2.4350083,0.005
2.4400084,2.9829006,2.4400084,0.005
2.4450085,2.9951258,2.4450085,0.005
2.4500086,3.0073757,2.4500086,0.005
2.4550087,3.0196507,2.4550087,0.005
2.4600089,3.0319507,2.4600089,0.005
2.465009,3.0442758,2.465009,0.005
2.470009,3.0566258,2.470009,0.005
2.4750092,3.069001,2.4750092,0.005
2.4800093,3.081401,2.4800093,0.005
2.4850094,3.093826,2.4850094,0.005
2.4900095,3.106276,2.4900095,0.005
2.4950097,3.118751,2.4950097,0.005
2.5000098,3.131251,2.5000098,0.005
2.50501,3.1437762,2.50501,0.005
2.51001,3.1563263,2.51001,0.005
2.51501,3.1689014,2.51501,0.005
2.5200102,3.1815014,2.5200102,0.005
2.5250103,3.1941264,2.5250103,0.005
2.5300105,3.2067764,2.5300105,0.005
2.5350106,3.2194514,2.5350106,0.005
2.5400107,3.2321515,2.5400107,0.005
2.5450108,3.2448766,2.5450108,0.005
2.550011,3.2576268,2.550011,0.005
2.555011,3.2704017,2.555011,0.005
2.5600111,3.2832017,2.5600111,0.005
2.5650113,3.2960267,2.5650113,0.005
2.5700114,3.3088768,2.5700114,0.005
2.5750115,3.3217518,2.5750115,0.005
2.5800116,3.334652,2.5800116,0.005
2.5850117,3.347577,2.5850117,0.005
2.5900118,3.360527,2.5900118,0.005
2.595012,3.373502,2.595012,0.005
2.600012,3.386502,2.600012,0.005
2.6050122,3.399527,2.6050122,0.005
2.6100123,3.4125772,2.6100123,0.005
2.6150124,3.4256523,2.6150124,0.005
2.6200125,3.4387524,2.6200125,0.005
2.6250126,3.4518776,2.6250126,0.005
2.6300128,3.4650276,2.6300128,0.005
2.6350129,3.4782026,2.6350129,0.005
2.640013,3.4914026,2.640013,0.005
2.645013,3.5046277,2.645013,0.005
2.6500132,3.5178778,2.6500132,0.005
2.6550133,3.531153,2.6550133,0.005
2.6600134,3.5444531,2.6600134,0.005
2.6650136,3.5577781,2.6650136,0.005
2.6700137,3.5711281,2.6700137,0.005
2.6750138,3.5845032,2.6750138,0.005
2.680014,3.5979033,2.680014,0.005
2.685014,3.6113284,2.685014,0.005
2.6900141,3.6247785,2.6900141,0.005
2.6950142,3.6382537,2.6950142,0.005
2.7000144,3.6517537,2.7000144,0.005
2.7050145,3.6652787,2.7050145,0.005
2.7100146,3.6788287,2.7100146,0.005
2.7150147,3.6924038,2.7150147,0.005
2.7200148,3.706004,2.7200148,0.005
2.725015,3.719629,2.725015,0.005
2.730015,3.7332792,2.730015,0.005
2.7350152,3.7469542,2.7350152,0.005
2.7400153,3.7606542,2.7400153,0.005
2.7450154,3.7743793,2.7450154,0.005
2.7500155,3.7881293,2.7500155,0.005
2.7550156,3.8019044,2.7550156,0.005
2.7600157,3.8157046,2.7600157,0.005
2.7650158,3.8295298,2.7650158,0.005
2.770016,3.8433797,2.770016,0.005
2.775016,3.8572547,2.775016,0.005
2.7800162,3.8711548,2.7800162,0.005
2.7850163,3.8850799,2.7850163,0.005
2.7900164,3.89903,2.7900164,0.005
2.7950165,3.913005,2.7950165,0.005
2.8000166,3.9270053,2.8000166,0.005
2.8050168,3.9410303,2.8050168,0.005
2.8100169,3.9550803,2.8100169,0.005
2.815017,3.9691553,2.815017,0.005
2.820017,3.9832554,2.820017,0.005
2.8250172,3.9973805,2.8250172,0.005
2.8300173,4.0115304,2.8300173,0.005
2.8350174,4.0257053,2.8350174,0.005
2.8400176,4.0399055,2.8400176,0.005
2.8450177,4.0541306,2.8450177,0.005
2.8500178,4.068381,2.8500178,0.005
2.855018,4.082656,2.855018,0.005
2.860018,4.096956,2.860018,0.005
2.8650181,4.111281,2.8650181,0.005
2.8700182,4.125631,2.8700182,0.005
2.8750184,4.140006,2.8750184,0.005
2.8800185,4.154406,2.8800185,0.005
2.8850186,4.1688313,2.8850186,0.005
2.8900187,4.1832814,2.8900187,0.005
2.8950188,4.1977563,2.8950188,0.005
2.900019,4.2122564,2.900019,0.005
2.905019,4.2267814,2.905019,0.005
2.9100192,4.2413316,2.9100192,0.005
2.9150193,4.2559066,2.9150193,0.005
2.9200194,4.270507,2.9200194,0.005
2.9250195,4.285132,2.9250195,0.005
2.9300196,4.299782,2.9300196,0.005
2.9350197,4.314457,2.9350197,0.005
2.9400198,4.329157,2.9400198,0.005
2.94502,4.343882,2.94502,0.005
2.95002,4.358632,2.95002,0.005
2.9550202,4.3734074,2.9550202,0.005
2.9600203,4.3882074,2.9600203,0.005
2.9650204,4.4030323,2.9650204,0.005
2.9700205,4.4178824,2.9700205,0.005
2.9750206,4.4327574,2.9750206,0.005
2.9800208,4.4476576,2.9800208,0.005
2.9850209,4.4625826,2.9850209,0.005
2.990021,4.477533,2.990021,0.005
2.995021,4.492508,2.995021,0.005
3.0000212,4.5075083,3.0000212,0.005
3.0050213,4.5225334,3.0050213,0.005
3.0100214,4.5375834,3.0100214,0.005
3.0150216,4.5526586,3.0150216,0.005
3.0200217,4.5677586,3.0200217,0.005
3.0250218,4.582884,3.0250218,0.005
3.030022,4.598034,3.030022,0.005
3.035022,4.6132092,3.035022,0.005
3.0400221,4.6284094,3.0400221,0.005
3.0450222,4.6436343,3.0450222,0.005
3.0500224,4.6588845,3.0500224,0.005
3.0550225,4.6741595,3.0550225,0.005
3.0600226,4.68946,3.0600226,0.005
3.0650227,4.704785,3.0650227,0.005
3.0700228,4.720135,3.0700228,0.005
3.075023,4.7355103,3.075023,0.005
3.080023,4.7509103,3.080023,0.005
3.0850232,4.7663355,3.0850232,0.005
3.0900233,4.7817855,3.0900233,0.005
3.0950234,4.7972608,3.0950234,0.005
3.1000235,4.812761,3.1000235,0.005
3.1050236,4.828286,3.1050236,0.005
3.1100237,4.8438363,3.1100237,0.005
3.1150239,4.8594112,3.1150239,0.005
3.120024,4.8750114,3.120024,0.005
3.125024,4.8906364,3.125024,0.005
3.1300242,4.9062867,3.1300242,0.005
3.1350243,4.921962,3.1350243,0.005
3.1400244,4.937662,3.1400244,0.005
3.1450245,4.9533873,3.1450245,0.005
3.1500247,4.969137,3.1500247,0.005
3.1550248,4.9849124,3.1550248,0.005
3.160025,5.0007124,3.160025,0.005
3.165025,5.0165377,3.165025,0.005
3.170025,5.0323877,3.170025,0.005
3.1750252,5.048263,3.1750252,0.005
3.1800253,5.064163,3.1800253,0.005
3.1850255,5.080088,3.1850255,0.005
3.1900256,5.0960383,3.1900256,0.005
3.1950257,5.1120133,3.1950257,0.005
3.2000258,5.1280136,3.2000258,0.005
3.205026,5.1440387,3.205026,0.005
3.210026,5.160089,3.210026,0.005
3.2150261,5.176164,3.2150261,0.005
3.2200263,5.192264,3.2200263,0.005
3.2250264,5.2083893,3.2250264,0.005
3.2300265,5.2245393,3.2300265,0.005
3.2350266,5.2407146,3.2350266,0.005
3.2400267,5.2569146,3.2400267,0.005
3.2450268,5.27314,3.2450268,0.005
3.250027,5.28939,3.250027,0.005
3.255027,5.305665,3.255027,0.005
3.2600272,5.321965,3.2600272,0.005
3.2650273,5.33829,3.2650273,0.005
3.2700274,5.3546405,3.2700274,0.005
3.2750275,5.3710155,3.2750275,0.005
3.2800276,5.387416,3.2800276,0.005
3.2850277,5.403841,3.2850277,0.005
3.2900279,5.420291,3.2900279,0.005
3.295028,5.436766,3.295028,0.005
3.300028,5.453266,3.300028,0.005
3.3050282,5.4697914,3.3050282,0.005
3.3100283,5.4863415,3.3100283,0.005
3.3150284,5.502917,3.3150284,0.005
3.3200285,5.519517,3.3200285,0.005
3.3250287,5.536142,3.3250287,0.005
3.3300288,5.552792,3.3300288,0.005
3.335029,5.569467,3.335029,0.005
3.340029,5.5861673,3.340029,0.005
3.345029,5.6028924,3.345029,0.005
3.3500292,5.6196427,3.3500292,0.005
3.3550293,5.636418,3.3550293,0.005
3.3600295,5.653218,3.3600295,0.005
3.3650296,5.670043,3.3650296,0.005
3.3700297,5.686893,3.3700297,0.005
3.3750298,5.7037683,3.3750298,0.005
3.38003,5.7206683,3.38003,0.005
3.38503,5.7375937,3.38503,0.005
3.3900301,5.754544,3.3900301,0.005
3.3950303,5.7715187,3.3950303,0.005
3.4000304,5.788519,3.4000304,0.005
3.4050305,5.805544,3.4050305,0.005
3.4100306,5.822594,3.4100306,0.005
3.4150307,5.839669,3.4150307,0.005
3.4200308,5.8567696,3.4200308,0.005
3.425031,5.8738947,3.425031,0.005
3.430031,5.8910446,3.430031,0.005
3.4350312,5.90822,3.4350312,0.005
3.4400313,5.92542,3.4400313,0.005
3.4450314,5.942645,3.4450314,0.005
3.4500315,5.959895,3.4500315,0.005
3.4550316,5.9771705,3.4550316,0.005
3.4600317,5.9944706,3.4600317,0.005
3.4650319,6.0117955,3.4650319,0.005
3.470032,6.0291457,3.470032,0.005
3.475032,6.0465207,3.475032,0.005
3.4800322,6.063921,3.4800322,0.005
3.4850323,6.081346,3.4850323,0.005
3.4900324,6.0987964,3.4900324,0.005
3.4950325,6.1162715,3.4950325,0.005
3.5000327,6.133772,3.5000327,0.005
3.5050328,6.151297,3.5050328,0.005
3.510033,6.168847,3.510033,0.005
3.515033,6.1864223,3.515033,0.005
3.5200331,6.2040224,3.5200331,0.005
3.5250332,6.2216477,3.5250332,0.005
3.5300333,6.239298,3.5300333,0.005
3.5350335,6.2569733,3.5350335,0.005
3.5400336,6.2746735,3.5400336,0.005
3.5450337,6.2923985,3.5450337,0.005
3.5500338,6.3101487,3.5500338,0.005
3.555034,6.327924,3.555034,0.005
3.560034,6.345724,3.560034,0.005
3.5650342,6.363549,3.5650342,0.005
3.5700343,6.3813996,3.5700343,0.005
3.5750344,6.399275,3.5750344,0.005
3.5800345,6.417175,3.5800345,0.005
3.5850346,6.4351,3.5850346,0.005
3.5900347,6.45305,3.5900347,0.005
3.5950348,6.4710255,3.5950348,0.005
3.600035,6.4890256,3.600035,0.005
3.605035,6.507051,3.605035,0.005
3.6100352,6.525101,3.6100352,0.005
3.6150353,6.543176,3.6150353,0.005
3.6200354,6.5612764,3.6200354,0.005
3.6250355,6.5794015,3.6250355,0.005
3.6300356,6.597552,3.6300356,0.005
3.6350358,6.615727,3.6350358,0.005
3.6400359,6.6339273,3.6400359,0.005
3.645036,6.6521525,3.645036,0.005
3.650036,6.6704025,3.650036,0.005
3.6550362,6.688678,3.6550362,0.005
3.6600363,6.706978,3.6600363,0.005
3.6650364,6.725303,3.6650364,0.005
3.6700366,6.7436533,3.6700366,0.005
3.6750367,6.7620287,3.6750367,0.005
3.6800368,6.780429,3.6800368,0.005
3.685037,6.798854,3.685037,0.005
3.690037,6.817304,3.690037,0.005
3.6950371,6.835779,3.6950371,0.005
3.7000372,6.8542795,3.7000372,0.005
3.7050374,6.8728046,3.7050374,0.005
3.7100375,6.891355,3.7100375,0.005
3.7150376,6.90993,3.7150376,0.005
3.7200377,6.92853,3.7200377,0.005
3.7250378,6.9471555,3.7250378,0.005
3.730038,6.9658055,3.730038,0.005
3.735038,6.984481,3.735038,0.005
3.7400382,7.003181,3.7400382,0.005
3.7450383,7.0219064,3.7450383,0.005
3.7500384,7.0406566,3.7500384,0.005
3.7550385,7.0594316,3.7550385,0.005
3.7600386,7.078232,3.7600386,0.005
3.7650387,7.097057,3.7650387,0.005
3.7700388,7.115907,3.7700388,0.005
3.775039,7.1347823,3.775039,0.005
3.780039,7.1536827,3.780039,0.005
3.7850392,7.172608,3.7850392,0.005
3.7900393,7.191558,3.7900393,0.005
3.7950394,7.210533,3.7950394,0.005
3.8000395,7.229533,3.8000395,0.005
3.8050396,7.2485585,3.8050396,0.005
3.8100398,7.2676086,3.8100398,0.005
3.8150399,7.286684,3.8150399,0.005
3.82004,7.305784,3.82004,0.005
3.82504,7.324909,3.82504,0.005
3.8300402,7.3440595,3.8300402,0.005
3.8350403,7.3632345,3.8350403,0.005
3.8400404,7.382435,3.8400404,0.005
3.8450406,7.40166,3.8450406,0.005
3.8500407,7.4209104,3.8500407,0.005
3.8550408,7.4401855,3.8550408,0.005
3.860041,7.4594855,3.860041,0.005
3.865041,7.478811,3.865041,0.005
3.8700411,7.498161,3.8700411,0.005
3.8750412,7.517536,3.8750412,0.005
3.8800414,7.5369363,3.8800414,0.005
3.8850415,7.5563617,3.8850415,0.005
3.8900416,7.575812,3.8900416,0.005
3.8950417,7.595287,3.8950417,0.005
3.9000418,7.614787,3.9000418,0.005
3.905042,7.634312,3.905042,0.005
3.910042,7.6538625,3.910042,0.005
3.9150422,7.6734376,3.9150422,0.005
3.9200423,7.693038,3.9200423,0.005
3.9250424,7.712663,3.9250424,0.005
3.9300425,7.732313,3.9300425,0.005
3.9350426,7.7519884,3.9350426,0.005
3.9400427,7.7716885,3.9400427,0.005
3.9450428,7.791414,3.9450428,0.005
3.950043,7.811164,3.950043,0.005
3.955043,7.8309393,3.955043,0.005
3.9600432,7.8507395,3.9600432,0.005
3.9650433,7.8705645,3.9650433,0.005
3.9700434,7.8904147,3.9700434,0.005
3.9750435,7.91029,3.9750435,0.005
3.9800436,7.93019,3.9800436,0.005
3.9850438,7.950115,3.9850438,0.005
3.9900439,7.9700656,3.9900439,0.005
3.995044,7.990041,3.995044,0.005
4.000044,8.010041,4.000044,0.005
4.005044,8.0300665,4.005044,0.005
4.010044,8.050117,4.010044,0.005
4.015044,8.070191,4.015044,0.005
4.0200443,8.090292,4.0200443,0.005
4.0250444,8.110417,4.0250444,0.005
4.0300446,8.130568,4.0300446,0.005
4.0350447,8.150743,4.0350447,0.005
4.040045,8.170942,4.040045,0.005
4.045045,8.191168,4.045045,0.005
4.050045,8.211418,4.050045,0.005
4.055045,8.231693,4.055045,0.005
4.0600452,8.251993,4.0600452,0.005
4.0650454,8.272319,4.0650454,0.005
4.0700455,8.292669,4.0700455,0.005
4.0750456,8.313045,4.0750456,0.005
4.0800457,8.333445,4.0800457,0.005
4.085046,8.353869,4.085046,0.005
4.090046,8.37432,4.090046,0.005
4.095046,8.394795,4.095046,0.005
4.100046,8.415296,4.100046,0.005
4.1050463,8.435821,4.1050463,0.005
4.1100464,8.45637,4.1100464,0.005
4.1150465,8.476946,4.1150465,0.005
4.1200466,8.497546,4.1200466,0.005
4.1250467,8.518171,4.1250467,0.005
4.130047,8.538821,4.130047,0.005
4.135047,8.559497,4.135047,0.005
4.140047,8.580197,4.140047,0.005
4.145047,8.600923,4.145047,0.005
4.1500473,8.621673,4.1500473,0.005
4.1550474,8.642447,4.1550474,0.005
4.1600475,8.663248,4.1600475,0.005
4.1650476,8.684073,4.1650476,0.005
4.1700478,8.704924,4.1700478,0.005
4.175048,8.725799,4.175048,0.005
4.180048,8.746698,4.180048,0.005
4.185048,8.767624,4.185048,0.005
4.190048,8.788574,4.190048,0.005
4.1950483,8.809549,4.1950483,0.005
4.2000484,8.830549,4.2000484,0.005
4.2050486,8.851575,4.2050486,0.005
4.2100487,8.872625,4.2100487,0.005
4.215049,8.893701,4.215049,0.005
4.220049,8.914801,4.220049,0.005
4.225049,8.9359255,4.225049,0.005
4.230049,8.957076,4.230049,0.005
4.2350492,8.978251,4.2350492,0.005
4.2400494,8.999452,4.2400494,0.005
4.2450495,9.020677,4.2450495,0.005
4.2500496,9.041927,4.2500496,0.005
4.2550497,9.063203,4.2550497,0.005
4.26005,9.084503,4.26005,0.005
4.26505,9.105828,4.26505,0.005
4.27005,9.127178,4.27005,0.005
4.27505,9.148554,4.27505,0.005
4.2800503,9.169954,4.2800503,0.005
4.2850504,9.19138,4.2850504,0.005
4.2900505,9.21283,4.2900505,0.005
4.2950506,9.234304,4.2950506,0.005
4.3000507,9.255805,4.3000507,0.005
4.305051,9.27733,4.305051,0.005
4.310051,9.298881,4.310051,0.005
4.315051,9.320456,4.315051,0.005
4.320051,9.342056,4.320051,0.005
4.3250513,9.363682,4.3250513,0.005
4.3300514,9.385332,4.3300514,0.005
4.3350515,9.407007,4.3350515,0.005
4.3400517,9.428707,4.3400517,0.005
4.345052,9.450433,4.345052,0.005
4.350052,9.472183,4.350052,0.005
4.355052,9.493958,4.355052,0.005
4.360052,9.5157585,4.360052,0.005
4.365052,9.537583,4.365052,0.005
4.3700523,9.559434,4.3700523,0.005
4.3750525,9.581309,4.3750525,0.005
4.3800526,9.6032095,4.3800526,0.005
4.3850527,9.625134,4.3850527,0.005
4.390053,9.647085,4.390053,0.005
4.395053,9.669061,4.395053,0.005
4.400053,9.691061,4.400053,0.005
4.405053,9.713086,4.405053,0.005
4.4100533,9.735136,4.4100533,0.005
4.4150534,9.757212,4.4150534,0.005
4.4200535,9.779312,4.4200535,0.005
4.4250536,9.801437,4.4250536,0.005
4.4300537,9.823587,4.4300537,0.005
4.435054,9.845762,4.435054,0.005
4.440054,9.867963,4.440054,0.005
4.445054,9.890188,4.445054,0.005
4.450054,9.912438,4.450054,0.005
4.4550543,9.934713,4.4550543,0.005
4.4600544,9.957014,4.4600544,0.005
4.4650545,9.97934,4.4650545,0.005
4.4700546,10.00169,4.4700546,0.005
4.4750547,10.024065,4.4750547,0.005
4.480055,10.046465,4.480055,0.005
4.485055,10.068891,4.485055,0.005
4.490055,10.091341,4.490055,0.005
4.495055,10.113816,4.495055,0.005
4.5000553,10.136316,4.5000553,0.005
4.5050554,10.158841,4.5050554,0.005
4.5100555,10.181392,4.5100555,0.005
4.5150557,10.203967,4.5150557,0.005
4.520056,10.226567,4.520056,0.005
4.525056,10.249192,4.525056,0.005
4.530056,10.271843,4.530056,0.005
4.535056,10.294518,4.535056,0.005
4.540056,10.317219,4.540056,0.005
4.5450563,10.339944,4.5450563,0.005
4.5500565,10.362694,4.5500565,0.005
4.5550566,10.385469,4.5550566,0.005
4.5600567,10.40827,4.5600567,0.005
4.565057,10.431095,4.565057,0.005
4.570057,10.453945,4.570057,0.005
4.575057,10.47682,4.575057,0.005
4.580057,10.499721,4.580057,0.005
4.5850573,10.522646,4.5850573,0.005
4.5900574,10.545596,4.5900574,0.005
4.5950575,10.568571,4.5950575,0.005
4.6000576,10.591572,4.6000576,0.005
4.6050577,10.614597,4.6050577,0.005
4.610058,10.637648,4.610058,0.005
4.615058,10.660723,4.615058,0.005
4.620058,10.683823,4.620058,0.005
4.625058,10.706948,4.625058,0.005
4.6300583,10.730099,4.6300583,0.005
4.6350584,10.753274,4.6350584,0.005
4.6400585,10.776474,4.6400585,0.005
4.6450586,10.799699,4.6450586,0.005
4.6500587,10.822949,4.6500587,0.005
4.655059,10.846225,4.655059,0.005
4.660059,10.869525,4.660059,0.005
4.665059,10.89285,4.665059,0.005
4.670059,10.916201,4.670059,0.005
4.6750593,10.939576,4.6750593,0.005
4.6800594,10.962976,4.6800594,0.005
4.6850595,10.986402,4.6850595,0.005
4.6900597,11.009851,4.6900597,0.005
4.69506,11.033327,4.69506,0.005
4.70006,11.056828,4.70006,0.005
4.70506,11.080353,4.70506,0.005
4.71006,11.103903,4.71006,0.005
4.71506,11.127478,4.71506,0.005
4.7200603,11.151078,4.7200603,0.005
4.7250605,11.174704,4.7250605,0.005
4.7300606,11.198354,4.7300606,0.005
4.7350607,11.222029,4.7350607,0.005
4.740061,11.245729,4.740061,0.005
4.745061,11.269455,4.745061,0.005
4.750061,11.293205,4.750061,0.005
4.755061,11.31698,4.755061,0.005
4.7600613,11.34078,4.7600613,0.005
4.7650614,11.364606,4.7650614,0.005
4.7700615,11.388456,4.7700615,0.005
4.7750616,11.412332,4.7750616,0.005
4.7800617,11.436232,4.7800617,0.005
4.785062,11.460157,4.785062,0.005
4.790062,11.484108,4.790062,0.005
4.795062,11.508083,4.795062,0.005
4.800062,11.5320835,4.800062,0.005
4.8050623,11.556108,4.8050623,0.005
4.8100624,11.580159,4.8100624,0.005
4.8150625,11.604235,4.8150625,0.005
4.8200626,11.628335,4.8200626,0.005
4.8250628,11.65246,4.8250628,0.005
4.830063,11.67661,4.830063,0.005
4.835063,11.700786,4.835063,0.005
4.840063,11.724986,4.840063,0.005
4.845063,11.749211,4.845063,0.005
4.8500633,11.773461,4.8500633,0.005
4.8550634,11.797737,4.8550634,0.005
4.8600636,11.822038,4.8600636,0.005
4.8650637,11.846363,4.8650637,0.005
4.870064,11.870713,4.870064,0.005
4.875064,11.895088,4.875064,0.005
4.880064,11.919489,4.880064,0.005
4.885064,11.943914,4.885064,0.005
4.8900642,11.968365,4.8900642,0.005
4.8950644,11.99284,4.8950644,0.005
4.9000645,12.01734,4.9000645,0.005
4.9050646,12.041865,4.9050646,0.005
4.9100647,12.066416,4.9100647,0.005
4.915065,12.090991,4.915065,0.005
4.920065,12.115591,4.920065,0.005
4.925065,12.140217,4.925065,0.005
4.930065,12.164867,4.930065,0.005
4.9350653,12.189543,4.9350653,0.005
4.9400654,12.214243,4.9400654,0.005
4.9450655,12.238968,4.9450655,0.005
4.9500656,12.263719,4.9500656,0.005
4.9550657,12.288494,4.9550657,0.005
4.960066,12.313294,4.960066,0.005
4.965066,12.3381195,4.965066,0.005
4.970066,12.362969,4.970066,0.005
4.975066,12.387845,4.975066,0.005
4.9800663,12.412745,4.9800663,0.005
4.9850664,12.437671,4.9850664,0.005
4.9900665,12.462621,4.9900665,0.005
4.9950666,12.4875965,4.9950666,0.005
5.0000668,12.512597,5.0000668,0.005
5.005067,12.537622,5.005067,0.005
5.010067,12.562673,5.010067,0.005
5.015067,12.587748,5.015067,0.005
5.020067,12.612848,5.020067,0.005
5.0250673,12.637974,5.0250673,0.005
5.0300674,12.663124,5.0300674,0.005
5.0350676,12.688299,5.0350676,0.005
5.0400677,12.713499,5.0400677,0.005
5.045068,12.738725,5.045068,0.005
5.050068,12.763975,5.050068,0.005
5.055068,12.78925,5.055068,0.005
5.060068,12.81455,5.060068,0.005
5.0650682,12.839876,5.0650682,0.005
5.0700684,12.865227,5.0700684,0.005
5.0750685,12.890602,5.0750685,0.005
5.0800686,12.916002,5.0800686,0.005
5.0850687,12.941427,5.0850687,0.005
5.090069,12.966878,5.090069,0.005
5.095069,12.992353,5.095069,0.005
5.100069,13.017854,5.100069,0.005
5.105069,13.043379,5.105069,0.005
5.1100693,13.068929,5.1100693,0.005
5.1150694,13.094504,5.1150694,0.005
5.1200695,13.120105,5.1200695,0.005
5.1250696,13.14573,5.1250696,0.005
5.1300697,13.17138,5.1300697,0.005
5.13507,13.197056,5.13507,0.005
5.14007,13.222756,5.14007,0.005
5.14507,13.248482,5.14507,0.005
5.15007,13.274232,5.15007,0.005
5.1550703,13.300007,5.1550703,0.005
5.1600704,13.325808,5.1600704,0.005
5.1650705,13.351633,5.1650705,0.005
5.1700706,13.377483,5.1700706,0.005
5.175071,13.403358,5.175071,0.005
5.180071,13.429258,5.180071,0.005
5.185071,13.455184,5.185071,0.005
5.190071,13.481134,5.190071,0.005
5.195071,13.50711,5.195071,0.005
5.2000713,13.53311,5.2000713,0.005
5.2050714,13.559135,5.2050714,0.005
5.2100716,13.585186,5.2100716,0.005
5.2150717,13.611261,5.2150717,0.005
5.220072,13.637362,5.220072,0.005
5.225072,13.6634865,5.225072,0.005
5.230072,13.689637,5.230072,0.005
5.235072,13.715813,5.235072,0.005
5.2400723,13.742013,5.2400723,0.005
5.2450724,13.768238,5.2450724,0.005
5.2500725,13.794489,5.2500725,0.005
5.2550726,13.820765,5.2550726,0.005
5.2600727,13.847065,5.2600727,0.005
5.265073,13.87339,5.265073,0.005
5.270073,13.89974,5.270073,0.005
5.275073,13.926116,5.275073,0.005
5.280073,13.952517,5.280073,0.005
5.2850733,13.978942,5.2850733,0.005
5.2900734,14.005392,5.2900734,0.005
5.2950735,14.031867,5.2950735,0.005
5.3000736,14.058368,5.3000736,0.005
5.3050737,14.084893,5.3050737,0.005
5.310074,14.1114435,5.310074,0.005
5.315074,14.138019,5.315074,0.005
5.320074,14.164619,5.320074,0.005
5.325074,14.191245,5.325074,0.005
5.3300743,14.2178955,5.3300743,0.005
5.3350744,14.244571,5.3350744,0.005
5.3400745,14.271271,5.3400745,0.005
5.3450747,14.2979965,5.3450747,0.005
5.350075,14.324747,5.350075,0.005
5.355075,14.351522,5.355075,0.005
5.360075,14.378323,5.360075,0.005
5.365075,14.405148,5.365075,0.005
5.370075,14.431998,5.370075,0.005
5.3750753,14.458874,5.3750753,0.005
5.3800755,14.485774,5.3800755,0.005
5.3850756,14.512699,5.3850756,0.005
5.3900757,14.53965,5.3900757,0.005
5.395076,14.566626,5.395076,0.005
5.400076,14.593626,5.400076,0.005
5.405076,14.620651,5.405076,0.005
5.410076,14.647701,5.410076,0.005
5.4150763,14.674777,5.4150763,0.005
5.4200764,14.701878,5.4200764,0.005
5.4250765,14.729003,5.4250765,0.005
5.4300766,14.756153,5.4300766,0.005
5.4350767,14.783328,5.4350767,0.005
5.440077,14.810529,5.440077,0.005
5.445077,14.837754,5.445077,0.005
5.450077,14.865005,5.450077,0.005
5.455077,14.89228,5.455077,0.005
5.4600773,14.91958,5.4600773,0.005
5.4650774,14.946906,5.4650774,0.005
5.4700775,14.9742565,5.4700775,0.005
5.4750776,15.001632,5.4750776,0.005
5.4800777,15.029032,5.4800777,0.005
5.485078,15.0564575,5.485078,0.005
5.490078,15.083908,5.490078,0.005
5.495078,15.111383,5.495078,0.005
5.500078,15.138884,5.500078,0.005
5.5050783,15.166409,5.5050783,0.005
5.5100784,15.193959,5.5100784,0.005
5.5150785,15.221535,5.5150785,0.005
5.5200787,15.249135,5.5200787,0.005
5.525079,15.27676,5.525079,0.005
5.530079,15.304411,5.530079,0.005
5.535079,15.332087,5.535079,0.005
5.540079,15.359787,5.540079,0.005
5.545079,15.387512,5.545079,0.005
5.5500793,15.415262,5.5500793,0.005
5.5550795,15.443038,5.5550795,0.005
5.5600796,15.470839,5.5600796,0.005
5.5650797,15.498664,5.5650797,0.005
5.57008,15.526514,5.57008,0.005
5.57508,15.554389,5.57508,0.005
5.58008,15.58229,5.58008,0.005
5.58508,15.610215,5.58508,0.005
5.5900803,15.638165,5.5900803,0.005
5.5950804,15.666141,5.5950804,0.005
5.6000805,15.694141,5.6000805,0.005
5.6050806,15.722167,5.6050806,0.005
5.6100807,15.750217,5.6100807,0.005
5.615081,15.778293,5.615081,0.005
5.620081,15.806393,5.620081,0.005
5.625081,15.834518,5.625081,0.005
5.630081,15.862669,5.630081,0.005
5.6350813,15.890844,5.6350813,0.005
5.6400814,15.9190445,5.6400814,0.005
5.6450815,15.947269,5.6450815,0.005
5.6500816,15.97552,5.6500816,0.005
5.6550817,16.003796,5.6550817,0.005
5.660082,16.032097,5.660082,0.005
5.665082,16.060423,5.665082,0.005
5.670082,16.088774,5.670082,0.005
5.675082,16.11715,5.675082,0.005
5.6800823,16.14555,5.6800823,0.005
5.6850824,16.173975,5.6850824,0.005
5.6900826,16.202425,5.6900826,0.005
5.6950827,16.2309,5.6950827,0.005
5.700083,16.2594,5.700083,0.005
5.705083,16.287926,5.705083,0.005
5.710083,16.316477,5.710083,0.005
5.715083,16.345053,5.715083,0.005
5.720083,16.373653,5.720083,0.005
5.7250834,16.402279,5.7250834,0.005
5.7300835,16.43093,5.7300835,0.005
5.7350836,16.459604,5.7350836,0.005
5.7400837,16.488304,5.7400837,0.005
5.745084,16.517029,5.745084,0.005
5.750084,16.54578,5.750084,0.005
5.755084,16.574556,5.755084,0.005
5.760084,16.603357,5.760084,0.005
5.7650843,16.632183,5.7650843,0.005
5.7700844,16.661034,5.7700844,0.005
5.7750845,16.689909,5.7750845,0.005
5.7800846,16.71881,5.7800846,0.005
5.7850847,16.747734,5.7850847,0.005
5.790085,16.776684,5.790085,0.005
5.795085,16.805658,5.795085,0.005
5.800085,16.83466,5.800085,0.005
5.805085,16.863686,5.805085,0.005
5.8100853,16.892736,5.8100853,0.005
5.8150854,16.921812,5.8150854,0.005
5.8200855,16.950912,5.8200855,0.005
5.8250856,16.980038,5.8250856,0.005
5.8300858,17.009188,5.8300858,0.005
5.835086,17.038363,5.835086,0.005
5.840086,17.067562,5.840086,0.005
5.845086,17.096788,5.845086,0.005
5.850086,17.12604,5.850086,0.005
5.8550863,17.155315,5.8550863,0.005
5.8600864,17.184616,5.8600864,0.005
5.8650866,17.213942,5.8650866,0.005
5.8700867,17.243292,5.8700867,0.005
5.875087,17.272667,5.875087,0.005
5.880087,17.302067,5.880087,0.005
5.885087,17.331491,5.885087,0.005
5.890087,17.360943,5.890087,0.005
5.8950872,17.390419,5.8950872,0.005
5.9000874,17.41992,5.9000874,0.005
5.9050875,17.449446,5.9050875,0.005
5.9100876,17.478996,5.9100876,0.005
5.9150877,17.508572,5.9150877,0.005
5.920088,17.538172,5.920088,0.005
5.925088,17.567797,5.925088,0.005
5.930088,17.597446,5.930088,0.005
5.935088,17.627121,5.935088,0.005
5.9400883,17.656822,5.9400883,0.005
5.9450884,17.686548,5.9450884,0.005
5.9500885,17.7163,5.9500885,0.005
5.9550886,17.746075,5.9550886,0.005
5.9600887,17.775875,5.9600887,0.005
5.965089,17.8057,5.965089,0.005
5.970089,17.83555,5.970089,0.005
5.975089,17.865425,5.975089,0.005
5.980089,17.895325,5.980089,0.005
5.9850893,17.925251,5.9850893,0.005
5.9900894,17.955202,5.9900894,0.005
5.9950895,17.985178,5.9950895,0.005
6.0000896,18.015179,6.0000896,0.005
6.0050898,18.045204,6.0050898,0.005
6.01009,18.075254,6.01009,0.005
6.01509,18.10533,6.01509,0.005
6.02009,18.13543,6.02009,0.005
6.02509,18.165554,6.02509,0.005
6.0300903,18.195705,6.0300903,0.005
6.0350904,18.225882,6.0350904,0.005
6.0400906,18.256083,6.0400906,0.005
6.0450907,18.286308,6.0450907,0.005
6.050091,18.316559,6.050091,0.005
6.055091,18.346834,6.055091,0.005
6.060091,18.377134,6.060091,0.005
6.065091,18.40746,6.065091,0.005
6.0700912,18.437809,6.0700912,0.005
6.0750914,18.468184,6.0750914,0.005
6.0800915,18.498585,6.0800915,0.005
6.0850916,18.52901,6.0850916,0.005
6.0900917,18.559462,6.0900917,0.005
6.095092,18.589937,6.095092,0.005
6.100092,18.620438,6.100092,0.005
6.105092,18.650963,6.105092,0.005
6.110092,18.681513,6.110092,0.005
6.1150923,18.712088,6.1150923,0.005
6.1200924,18.742687,6.1200924,0.005
6.1250925,18.773314,6.1250925,0.005
6.1300926,18.803965,6.1300926,0.005
6.1350927,18.83464,6.1350927,0.005
6.140093,18.865341,6.140093,0.005
6.145093,18.896067,6.145093,0.005
6.150093,18.926817,6.150093,0.005
6.155093,18.957592,6.155093,0.005
6.1600933,18.988392,6.1600933,0.005
6.1650934,19.019217,6.1650934,0.005
6.1700935,19.050068,6.1700935,0.005
6.1750937,19.080944,6.1750937,0.005
6.180094,19.111845,6.180094,0.005
6.185094,19.14277,6.185094,0.005
6.190094,19.173721,6.190094,0.005
6.195094,19.204697,6.195094,0.005
6.200094,19.235697,6.200094,0.005
6.2050943,19.266722,6.2050943,0.005
6.2100945,19.297771,6.2100945,0.005
6.2150946,19.328846,6.2150946,0.005
6.2200947,19.359947,6.2200947,0.005
6.225095,19.391073,6.225095,0.005
6.230095,19.422224,6.230095,0.005
6.235095,19.4534,6.235095,0.005
6.240095,19.4846,6.240095,0.005
6.2450953,19.515825,6.2450953,0.005
6.2500954,19.547075,6.2500954,0.005
6.2550955,19.57835,6.2550955,0.005
6.2600956,19.60965,6.2600956,0.005
6.2650957,19.640976,6.2650957,0.005
6.270096,19.672327,6.270096,0.005
6.275096,19.703703,6.275096,0.005
6.280096,19.735104,6.280096,0.005
6.285096,19.76653,6.285096,0.005
6.2900963,19.79798,6.2900963,0.005
6.2950964,19.829454,6.2950964,0.005
6.3000965,19.860954,6.3000965,0.005
6.3050966,19.892479,6.3050966,0.005
6.3100967,19.92403,6.3100967,0.005
6.315097,19.955606,6.315097,0.005
6.320097,19.987207,6.320097,0.005
6.325097,20.018833,6.325097,0.005
6.330097,20.050484,6.330097,0.005
6.3350973,20.082159,6.3350973,0.005
6.3400974,20.11386,6.3400974,0.005
6.3450975,20.145584,6.3450975,0.005
6.3500977,20.177334,6.3500977,0.005
6.355098,20.20911,6.355098,0.005
6.360098,20.240911,6.360098,0.005
6.365098,20.272738,6.365098,0.005
6.370098,20.304588,6.370098,0.005
6.375098,20.336464,6.375098,0.005
6.3800983,20.368364,6.3800983,0.005
6.3850985,20.40029,6.3850985,0.005
6.3900986,20.43224,6.3900986,0.005
6.3950987,20.464214,6.3950987,0.005
6.400099,20.496214,6.400099,0.005
6.405099,20.52824,6.405099,0.005
6.410099,20.560291,6.410099,0.005
6.415099,20.592367,6.415099,0.005
6.4200993,20.624468,6.4200993,0.005
6.4250994,20.656593,6.4250994,0.005
6.4300995,20.688744,6.4300995,0.005
6.4350996,20.720919,6.4350996,0.005
6.4400997,20.753119,6.4400997,0.005
6.4451,20.785343,6.4451,0.005
6.4501,20.817595,6.4501,0.005
6.4551,20.84987,6.4551,0.005
6.4601,20.882172,6.4601,0.005
6.4651003,20.914497,6.4651003,0.005
6.4701004,20.946848,6.4701004,0.005
6.4751005,20.979223,6.4751005,0.005
6.4801006,21.011623,6.4801006,0.005
6.4851007,21.044048,6.4851007,0.005
6.490101,21.076498,6.490101,0.005
6.495101,21.108974,6.495101,0.005
6.500101,21.141476,6.500101,0.005
6.505101,21.174002,6.505101,0.005
6.5101013,21.206553,6.5101013,0.005
6.5151014,21.239128,6.5151014,0.005
6.5201015,21.271729,6.5201015,0.005
6.5251017,21.304354,6.5251017,0.005
6.530102,21.337004,6.530102,0.005
6.535102,21.369678,6.535102,0.005
6.540102,21.402378,6.540102,0.005
6.545102,21.435104,6.545102,0.005
6.550102,21.467855,6.550102,0.005
6.5551023,21.500631,6.5551023,0.005
6.5601025,21.533432,6.5601025,0.005
6.5651026,21.566257,6.5651026,0.005
6.5701027,21.599108,6.5701027,0.005
6.575103,21.631983,6.575103,0.005
6.580103,21.664883,6.580103,0.005
6.585103,21.697807,6.585103,0.005
6.590103,21.730759,6.590103,0.005
6.5951033,21.763735,6.5951033,0.005
6.6001034,21.796736,6.6001034,0.005
6.6051035,21.829762,6.6051035,0.005
6.6101036,21.862812,6.6101036,0.005
6.6151037,21.895887,6.6151037,0.005
6.620104,21.928988,6.620104,0.005
6.625104,21.962112,6.625104,0.005
6.630104,21.995262,6.630104,0.005
6.635104,22.028439,6.635104,0.005
6.6401043,22.06164,6.6401043,0.005
6.6451044,22.094866,6.6451044,0.005
6.6501045,22.128117,6.6501045,0.005
6.6551046,22.161392,6.6551046,0.005
6.6601048,22.194693,6.6601048,0.005
6.665105,22.228018,6.665105,0.005
6.670105,22.261368,6.670105,0.005
6.675105,22.294743,6.675105,0.005
6.680105,22.328142,6.680105,0.005
6.6851053,22.361568,6.6851053,0.005
6.6901054,22.39502,6.6901054,0.005
6.6951056,22.428495,6.6951056,0.005
6.7001057,22.461996,6.7001057,0.005
6.705106,22.495522,6.705106,0.005
6.710106,22.529072,6.710106,0.005
6.715106,22.562647,6.715106,0.005
6.720106,22.596247,6.720106,0.005
6.7251062,22.629871,6.7251062,0.005
6.7301064,22.663523,6.7301064,0.005
6.7351065,22.697199,6.7351065,0.005
6.7401066,22.7309,6.7401066,0.005
6.7451067,22.764626,6.7451067,0.005
6.750107,22.798376,6.750107,0.005
6.755107,22.832151,6.755107,0.005
6.760107,22.865952,6.760107,0.005
6.765107,22.899776,6.765107,0.005
6.7701073,22.933626,6.7701073,0.005
6.7751074,22.967503,6.7751074,0.005
6.7801075,23.001404,6.7801075,0.005
6.7851076,23.03533,6.7851076,0.005
6.7901077,23.06928,6.7901077,0.005
6.795108,23.103256,6.795108,0.005
6.800108,23.137257,6.800108,0.005
6.805108,23.171282,6.805108,0.005
6.810108,23.205332,6.810108,0.005
6.8151083,23.239407,6.8151083,0.005
6.8201084,23.273508,6.8201084,0.005
6.8251085,23.307634,6.8251085,0.005
6.8301086,23.341785,6.8301086,0.005
6.8351088,23.375961,6.8351088,0.005
6.840109,23.410162,6.840109,0.005
6.845109,23.444387,6.845109,0.005
6.850109,23.478638,6.850109,0.005
6.855109,23.512913,6.855109,0.005
6.8601093,23.547213,6.8601093,0.005
6.8651094,23.581537,6.8651094,0.005
6.8701096,23.615889,6.8701096,0.005
6.8751097,23.650265,6.8751097,0.005
6.88011,23.684666,6.88011,0.005
6.88511,23.719091,6.88511,0.005
6.89011,23.753542,6.89011,0.005
6.89511,23.788017,6.89511,0.005
6.9001102,23.822517,6.9001102,0.005
6.9051104,23.857042,6.9051104,0.005
6.9101105,23.891592,6.9101105,0.005
6.9151106,23.926168,6.9151106,0.005
6.9201107,23.96077,6.9201107,0.005
6.925111,23.995396,6.925111,0.005
6.930111,24.030046,6.930111,0.005
6.935111,24.064722,6.935111,0.005
6.940111,24.099422,6.940111,0.005
6.9451113,24.134148,6.9451113,0.005
6.9501114,24.168898,6.9501114,0.005
6.9551115,24.203672,6.9551115,0.005
6.9601116,24.238474,6.9601116,0.005
6.9651117,24.2733,6.9651117,0.005
6.970112,24.308151,6.970112,0.005
6.975112,24.343027,6.975112,0.005
6.980112,24.377928,6.980112,0.005
6.985112,24.412853,6.985112,0.005
6.9901123,24.447803,6.9901123,0.005
6.9951124,24.482779,6.9951124,0.005
7.0001125,24.517778,7.0001125,0.005
7.0051126,24.552803,7.0051126,0.005
7.010113,24.587854,7.010113,0.005
7.015113,24.62293,7.015113,0.005
7.020113,24.658031,7.020113,0.005
7.025113,24.693157,7.025113,0.005
7.030113,24.728308,7.030113,0.005
7.0351133,24.763483,7.0351133,0.005
7.0401134,24.798683,7.0401134,0.005
7.0451136,24.833908,7.0451136,0.005
7.0501137,24.869158,7.0501137,0.005
7.055114,24.904434,7.055114,0.005
7.060114,24.939735,7.060114,0.005
7.065114,24.975061,7.065114,0.005
7.070114,25.010412,7.070114,0.005
7.0751143,25.045788,7.0751143,0.005
7.0801144,25.081188,7.0801144,0.005
7.0851145,25.116613,7.0851145,0.005
7.0901146,25.152063,7.0901146,0.005
7.0951147,25.187538,7.0951147,0.005
7.100115,25.22304,7.100115,0.005
7.105115,25.258566,7.105115,0.005
7.110115,25.294117,7.110115,0.005
7.115115,25.329693,7.115115,0.005
7.1201153,25.365294,7.1201153,0.005
7.1251154,25.400919,7.1251154,0.005
7.1301155,25.43657,7.1301155,0.005
7.1351156,25.472244,7.1351156,0.005
7.1401157,25.507944,7.1401157,0.005
7.145116,25.543669,7.145116,0.005
7.150116,25.57942,7.150116,0.005
7.155116,25.615196,7.155116,0.005
7.160116,25.650997,7.160116,0.005
7.1651163,25.686823,7.1651163,0.005
7.1701164,25.722673,7.1701164,0.005
7.1751165,25.758549,7.1751165,0.005
7.1801167,25.794449,7.1801167,0.005
7.185117,25.830374,7.185117,0.005
7.190117,25.866323,7.190117,0.005
7.195117,25.9023,7.195117,0.005
7.200117,25.938301,7.200117,0.005
7.205117,25.974327,7.205117,0.005
7.2101173,26.010378,7.2101173,0.005
7.2151175,26.046453,7.2151175,0.005
7.2201176,26.082554,7.2201176,0.005
7.2251177,26.11868,7.2251177,0.005
7.230118,26.154829,7.230118,0.005
7.235118,26.191004,7.235118,0.005
7.240118,26.227205,7.240118,0.005
7.245118,26.263432,7.245118,0.005
7.2501183,26.299683,7.2501183,0.005
7.2551184,26.335958,7.2551184,0.005
7.2601185,26.37226,7.2601185,0.005
7.2651186,26.408585,7.2651186,0.005
7.2701187,26.444935,7.2701187,0.005
7.275119,26.48131,7.275119,0.005
7.280119,26.51771,7.280119,0.005
7.285119,26.554136,7.285119,0.005
7.290119,26.590588,7.290119,0.005
7.2951193,26.627064,7.2951193,0.005
7.3001194,26.663565,7.3001194,0.005
7.3051195,26.70009,7.3051195,0.005
7.3101196,26.73664,7.3101196,0.005
7.3151197,26.773216,7.3151197,0.005
7.32012,26.809816,7.32012,0.005
7.32512,26.846441,7.32512,0.005
7.33012,26.883091,7.33012,0.005
7.33512,26.919767,7.33512,0.005
7.3401203,26.956469,7.3401203,0.005
7.3451204,26.993195,7.3451204,0.005
7.3501205,27.029945,7.3501205,0.005
7.3551207,27.066721,7.3551207,0.005
7.360121,27.103521,7.360121,0.005
7.365121,27.140347,7.365121,0.005
7.370121,27.177197,7.370121,0.005
7.375121,27.214071,7.375121,0.005
7.380121,27.250973,7.380121,0.005
7.3851213,27.287899,7.3851213,0.005
7.3901215,27.32485,7.3901215,0.005
7.3951216,27.361826,7.3951216,0.005
7.4001217,27.398827,7.4001217,0.005
7.405122,27.435852,7.405122,0.005
7.410122,27.472902,7.410122,0.005
7.415122,27.509977,7.415122,0.005
7.420122,27.547077,7.420122,0.005
7.4251223,27.584204,7.4251223,0.005
7.4301224,27.621355,7.4301224,0.005
7.4351225,27.658531,7.4351225,0.005
7.4401226,27.695732,7.4401226,0.005
7.4451227,27.732958,7.4451227,0.005
7.450123,27.770208,7.450123,0.005
7.455123,27.807484,7.455123,0.005
7.460123,27.844784,7.460123,0.005
7.465123,27.882109,7.465123,0.005
7.4701233,27.919458,7.4701233,0.005
7.4751234,27.956835,7.4751234,0.005
7.4801235,27.994236,7.4801235,0.005
7.4851236,28.031662,7.4851236,0.005
7.4901237,28.069113,7.4901237,0.005
7.495124,28.106588,7.495124,0.005
7.500124,28.144089,7.500124,0.005
7.505124,28.181614,7.505124,0.005
7.510124,28.219164,7.510124,0.005
7.5151243,28.256739,7.5151243,0.005
7.5201244,28.29434,7.5201244,0.005
7.5251245,28.331966,7.5251245,0.005
7.5301247,28.369617,7.5301247,0.005
7.535125,28.407293,7.535125,0.005
7.540125,28.444994,7.540125,0.005
7.545125,28.48272,7.545125,0.005
7.550125,28.52047,7.550125,0.005
7.555125,28.558245,7.555125,0.005
7.5601254,28.596045,7.5601254,0.005
7.5651255,28.633871,7.5651255,0.005
7.5701256,28.671722,7.5701256,0.005
7.5751257,28.709599,7.5751257,0.005
7.580126,28.7475,7.580126,0.005
7.585126,28.785425,7.585126,0.005
7.590126,28.823376,7.590126,0.005
7.595126,28.861351,7.595126,0.005
7.6001263,28.899351,7.6001263,0.005
7.6051264,28.937376,7.6051264,0.005
7.6101265,28.975426,7.6101265,0.005
7.6151266,29.013502,7.6151266,0.005
7.6201267,29.051603,7.6201267,0.005
7.625127,29.08973,7.625127,0.005
7.630127,29.12788,7.630127,0.005
7.635127,29.166056,7.635127,0.005
7.640127,29.204256,7.640127,0.005
7.6451273,29.242481,7.6451273,0.005
7.6501274,29.280731,7.6501274,0.005
7.6551275,29.319006,7.6551275,0.005
7.6601276,29.357307,7.6601276,0.005
7.6651278,29.395634,7.6651278,0.005
7.670128,29.433985,7.670128,0.005
7.675128,29.47236,7.675128,0.005
7.680128,29.510761,7.680128,0.005
7.685128,29.549187,7.685128,0.005
7.6901283,29.587637,7.6901283,0.005
7.6951284,29.626112,7.6951284,0.005
7.7001286,29.664612,7.7001286,0.005
7.7051287,29.703138,7.7051287,0.005
7.710129,29.74169,7.710129,0.005
7.715129,29.780266,7.715129,0.005
7.720129,29.818867,7.720129,0.005
7.725129,29.857492,7.725129,0.005
7.7301292,29.896143,7.7301292,0.005
7.7351294,29.934818,7.7351294,0.005
7.7401295,29.973518,7.7401295,0.005
7.7451296,30.012243,7.7451296,0.005
7.7501297,30.050995,7.7501297,0.005
7.75513,30.089771,7.75513,0.005
7.76013,30.128572,7.76013,0.005
7.76513,30.167398,7.76513,0.005
7.77013,30.20625,7.77013,0.005
7.7751303,30.245125,7.7751303,0.005
7.7801304,30.284025,7.7801304,0.005
7.7851305,30.32295,7.7851305,0.005
7.7901306,30.3619,7.7901306,0.005
7.7951307,30.400875,7.7951307,0.005
7.800131,30.439877,7.800131,0.005
7.805131,30.478903,7.805131,0.005
7.810131,30.517954,7.810131,0.005
7.815131,30.55703,7.815131,0.005
7.8201313,30.59613,7.8201313,0.005
7.8251314,30.635256,7.8251314,0.005
7.8301315,30.674406,7.8301315,0.005
7.8351316,30.713581,7.8351316,0.005
7.8401318,30.75278,7.8401318,0.005
7.845132,30.792007,7.845132,0.005
7.850132,30.831259,7.850132,0.005
7.855132,30.870535,7.855132,0.005
7.860132,30.909836,7.860132,0.005
7.8651323,30.949162,7.8651323,0.005
7.8701324,30.988512,7.8701324,0.005
7.8751326,31.027887,7.8751326,0.005
7.8801327,31.067287,7.8801327,0.005
7.885133,31.106712,7.885133,0.005
7.890133,31.146164,7.890133,0.005
7.895133,31.18564,7.895133,0.005
7.900133,31.225142,7.900133,0.005
7.9051332,31.264668,7.9051332,0.005
7.9101334,31.304218,7.9101334,0.005
7.9151335,31.343794,7.9151335,0.005
7.9201336,31.383394,7.9201336,0.005
7.9251337,31.42302,7.9251337,0.005
7.930134,31.46267,7.930134,0.005
7.935134,31.502344,7.935134,0.005
7.940134,31.542046,7.940134,0.005
7.945134,31.581772,7.945134,0.005
7.9501343,31.621523,7.9501343,0.005
7.9551344,31.661299,7.9551344,0.005
7.9601345,31.7011,7.9601345,0.005
7.9651346,31.740925,7.9651346,0.005
7.9701347,31.780775,7.9701347,0.005
7.975135,31.82065,7.975135,0.005
7.980135,31.86055,7.980135,0.005
7.985135,31.900476,7.985135,0.005
7.990135,31.940428,7.990135,0.005
7.9951353,31.980404,7.9951353,0.005
8.000135,32.020405,8.000135,0.005
8.005136,32.06043,8.005136,0.005
8.010136,32.10048,8.010136,0.005
8.015136,32.140556,8.015136,0.005
8.020136,32.180656,8.020136,0.005
8.025136,32.220783,8.025136,0.005
8.030136,32.260933,8.030136,0.005
8.035136,32.30111,8.035136,0.005
8.040136,32.34131,8.040136,0.005
8.045136,32.381535,8.045136,0.005
8.050137,32.421783,8.050137,0.005
8.055137,32.46206,8.055137,0.005
8.060137,32.50236,8.060137,0.005
8.065137,32.542686,8.065137,0.005
8.070137,32.58304,8.070137,0.005
8.075137,32.623413,8.075137,0.005
8.080137,32.663815,8.080137,0.005
8.085137,32.70424,8.085137,0.005
8.0901375,32.74469,8.0901375,0.005
8.095138,32.785164,8.095138,0.005
8.100138,32.825665,8.100138,0.005
8.105138,32.86619,8.105138,0.005
8.110138,32.906742,8.110138,0.005
8.115138,32.94732,8.115138,0.005
8.120138,32.98792,8.120138,0.005
8.125138,33.028545,8.125138,0.005
8.130138,33.069195,8.130138,0.005
8.1351385,33.10987,8.1351385,0.005
8.140139,33.15057,8.140139,0.005
8.145139,33.191296,8.145139,0.005
8.150139,33.232048,8.150139,0.005
8.155139,33.272823,8.155139,0.005
8.160139,33.313625,8.160139,0.005
8.165139,33.35445,8.165139,0.005
8.170139,33.3953,8.170139,0.005
8.175139,33.436176,8.175139,0.005
8.18014,33.477077,8.18014,0.005
8.18514,33.518,8.18514,0.005
8.19014,33.558952,8.19014,0.005
8.19514,33.59993,8.19514,0.005
8.20014,33.64093,8.20014,0.005
8.20514,33.681957,8.20514,0.005
8.21014,33.723007,8.21014,0.005
8.21514,33.764084,8.21514,0.005
8.22014,33.805183,8.22014,0.005
8.225141,33.84631,8.225141,0.005
8.230141,33.88746,8.230141,0.005
8.235141,33.928635,8.235141,0.005
8.240141,33.969837,8.240141,0.005
8.245141,34.011063,8.245141,0.005
8.250141,34.052315,8.250141,0.005
8.255141,34.09359,8.255141,0.005
8.260141,34.13489,8.260141,0.005
8.2651415,34.176216,8.2651415,0.005
8.270142,34.217567,8.270142,0.005
8.275142,34.25894,8.275142,0.005
8.280142,34.300343,8.280142,0.005
8.285142,34.34177,8.285142,0.005
8.290142,34.38322,8.290142,0.005
8.295142,34.424698,8.295142,0.005
8.300142,34.466198,8.300142,0.005
8.305142,34.507725,8.305142,0.005
8.3101425,34.549274,8.3101425,0.005
8.315143,34.59085,8.315143,0.005
8.320143,34.63245,8.320143,0.005
8.325143,34.674076,8.325143,0.005
8.330143,34.715725,8.330143,0.005
8.335143,34.7574,8.335143,0.005
8.340143,34.799103,8.340143,0.005
8.345143,34.840828,8.345143,0.005
8.350143,34.88258,8.350143,0.005
8.355144,34.924355,8.355144,0.005
8.360144,34.966156,8.360144,0.005
8.365144,35.00798,8.365144,0.005
8.370144,35.04983,8.370144,0.005
8.375144,35.091705,8.375144,0.005
8.380144,35.133606,8.380144,0.005
8.385144,35.175533,8.385144,0.005
8.390144,35.217484,8.390144,0.005
8.395144,35.25946,8.395144,0.005
8.400145,35.30146,8.400145,0.005
8.405145,35.343487,8.405145,0.005
8.410145,35.385536,8.410145,0.005
8.415145,35.427612,8.415145,0.005
8.420145,35.46971,8.420145,0.005
8.425145,35.511837,8.425145,0.005
8.430145,35.55399,8.430145,0.005
8.435145,35.596165,8.435145,0.005
8.4401455,35.638367,8.4401455,0.005
8.445146,35.68059,8.445146,0.005
8.450146,35.722843,8.450146,0.005
8.455146,35.765118,8.455146,0.005
8.460146,35.80742,8.460146,0.005
8.465146,35.849743,8.465146,0.005
8.470146,35.892094,8.470146,0.005
8.475146,35.93447,8.475146,0.005
8.480146,35.97687,8.480146,0.005
8.4851465,36.0193,8.4851465,0.005
8.490147,36.06175,8.490147,0.005
8.495147,36.104225,8.495147,0.005
8.500147,36.146725,8.500147,0.005
8.505147,36.18925,8.505147,0.005
8.510147,36.2318,8.510147,0.005
8.515147,36.274376,8.515147,0.005
8.520147,36.31698,8.520147,0.005
8.525147,36.359604,8.525147,0.005
8.530148,36.402256,8.530148,0.005
8.535148,36.44493,8.535148,0.005
8.540148,36.487633,8.540148,0.005
8.545148,36.530357,8.545148,0.005
8.550148,36.57311,8.550148,0.005
8.555148,36.615883,8.555148,0.005
8.560148,36.658684,8.560148,0.005
8.565148,36.70151,8.565148,0.005
8.570148,36.74436,8.570148,0.005
8.575149,36.78724,8.575149,0.005
8.580149,36.83014,8.580149,0.005
8.585149,36.873066,8.585149,0.005
8.590149,36.916016,8.590149,0.005
8.595149,36.958992,8.595149,0.005
8.600149,37.00199,8.600149,0.005
8.605149,37.045017,8.605149,0.005
8.610149,37.088066,8.610149,0.005
8.6151495,37.13114,8.6151495,0.005
8.62015,37.174244,8.62015,0.005
8.62515,37.21737,8.62515,0.005
8.63015,37.26052,8.63015,0.005
8.63515,37.303696,8.63515,0.005
8.64015,37.346897,8.64015,0.005
8.64515,37.39012,8.64515,0.005
8.65015,37.433372,8.65015,0.005
8.65515,37.476646,8.65515,0.005
8.660151,37.519947,8.660151,0.005
8.665151,37.563274,8.665151,0.005
8.670151,37.606625,8.670151,0.005
8.675151,37.65,8.675151,0.005
8.680151,37.6934,8.680151,0.005
8.685151,37.736828,8.685151,0.005
8.690151,37.780277,8.690151,0.005
8.695151,37.823753,8.695151,0.005
8.700151,37.867252,8.700151,0.005
8.705152,37.910778,8.705152,0.005
8.710152,37.95433,8.710152,0.005
8.715152,37.997906,8.715152,0.005
8.720152,38.041508,8.720152,0.005
8.725152,38.085133,8.725152,0.005
8.730152,38.128784,8.730152,0.005
8.735152,38.17246,8.735152,0.005
8.740152,38.21616,8.740152,0.005
8.745152,38.259884,8.745152,0.005
8.750153,38.303635,8.750153,0.005
8.755153,38.347412,8.755153,0.005
8.760153,38.391212,8.760153,0.005
8.765153,38.43504,8.765153,0.005
8.770153,38.47889,8.770153,0.005
8.775153,38.522766,8.775153,0.005
8.780153,38.566666,8.780153,0.005
8.785153,38.61059,8.785153,0.005
8.7901535,38.65454,8.7901535,0.005
8.795154,38.698517,8.795154,0.005
8.800154,38.74252,8.800154,0.005
8.805154,38.786545,8.805154,0.005
8.810154,38.830597,8.810154,0.005
8.815154,38.874672,8.815154,0.005
8.820154,38.918774,8.820154,0.005
8.825154,38.9629,8.825154,0.005
8.830154,39.00705,8.830154,0.005
8.835155,39.051224,8.835155,0.005
8.840155,39.095425,8.840155,0.005
8.845155,39.139652,8.845155,0.005
8.850155,39.183903,8.850155,0.005
8.855155,39.22818,8.855155,0.005
8.860155,39.27248,8.860155,0.005
8.865155,39.316807,8.865155,0.005
8.870155,39.361156,8.870155,0.005
8.875155,39.405533,8.875155,0.005
8.880156,39.449932,8.880156,0.005
8.885156,39.494358,8.885156,0.005
8.890156,39.53881,8.890156,0.005
8.895156,39.583286,8.895156,0.005
8.900156,39.62779,8.900156,0.005
8.905156,39.672314,8.905156,0.005
8.910156,39.716866,8.910156,0.005
8.915156,39.76144,8.915156,0.005
8.9201565,39.80604,8.9201565,0.005
8.925157,39.850666,8.925157,0.005
8.930157,39.895317,8.930157,0.005
8.935157,39.93999,8.935157,0.005
8.940157,39.98469,8.940157,0.005
8.945157,40.02942,8.945157,0.005
8.950157,40.07417,8.950157,0.005
8.955157,40.118946,8.955157,0.005
8.960157,40.163746,8.960157,0.005
8.9651575,40.208572,8.9651575,0.005
8.970158,40.25342,8.970158,0.005
8.975158,40.298298,8.975158,0.005
8.980158,40.343197,8.980158,0.005
8.985158,40.388123,8.985158,0.005
8.990158,40.433075,8.990158,0.005
8.995158,40.47805,8.995158,0.005
9.000158,40.523052,9.000158,0.005
9.005158,40.568077,9.005158,0.005
9.010159,40.61313,9.010159,0.005
9.015159,40.658203,9.015159,0.005
9.020159,40.703304,9.020159,0.005
9.025159,40.74843,9.025159,0.005
9.030159,40.79358,9.030159,0.005
9.035159,40.838757,9.035159,0.005
9.040159,40.883957,9.040159,0.005
9.045159,40.929184,9.045159,0.005
9.050159,40.974434,9.050159,0.005
9.05516,41.01971,9.05516,0.005
9.06016,41.06501,9.06016,0.005
9.06516,41.110336,9.06516,0.005
9.07016,41.155685,9.07016,0.005
9.07516,41.20106,9.07516,0.005
9.08016,41.246464,9.08016,0.005
9.08516,41.29189,9.08516,0.005
9.09016,41.33734,9.09016,0.005
9.0951605,41.382816,9.0951605,0.005
9.100161,41.428318,9.100161,0.005
9.105161,41.473843,9.105161,0.005
9.110161,41.519394,9.110161,0.005
9.115161,41.56497,9.115161,0.005
9.120161,41.61057,9.120161,0.005
9.125161,41.656197,9.125161,0.005
9.130161,41.701847,9.130161,0.005
9.135161,41.747524,9.135161,0.005
9.1401615,41.793224,9.1401615,0.005
9.145162,41.83895,9.145162,0.005
9.150162,41.8847,9.150162,0.005
9.155162,41.930477,9.155162,0.005
9.160162,41.976276,9.160162,0.005
9.165162,42.022102,9.165162,0.005
9.170162,42.067955,9.170162,0.005
9.175162,42.11383,9.175162,0.005
9.180162,42.159733,9.180162,0.005
9.185163,42.205658,9.185163,0.005
9.190163,42.25161,9.190163,0.005
9.195163,42.297585,9.195163,0.005
9.200163,42.343586,9.200163,0.005
9.205163,42.38961,9.205163,0.005
9.210163,42.43566,9.210163,0.005
9.215163,42.481735,9.215163,0.005
9.220163,42.527836,9.220163,0.005
9.225163,42.573963,9.225163,0.005
9.230164,42.620113,9.230164,0.005
9.235164,42.66629,9.235164,0.005
9.240164,42.71249,9.240164,0.005
9.245164,42.758717,9.245164,0.005
9.250164,42.804966,9.250164,0.005
9.255164,42.851242,9.255164,0.005
9.260164,42.89754,9.260164,0.005
9.265164,42.943867,9.265164,0.005
9.2701645,42.99022,9.2701645,0.005
9.275165,43.036594,9.275165,0.005
9.280165,43.082996,9.280165,0.005
9.285165,43.12942,9.285165,0.005
9.290165,43.175873,9.290165,0.005
9.295165,43.222347,9.295165,0.005
9.300165,43.26885,9.300165,0.005
9.305165,43.315372,9.305165,0.005
9.310165,43.361923,9.310165,0.005
9.3151655,43.4085,9.3151655,0.005
9.320166,43.4551,9.320166,0.005
9.325166,43.501728,9.325166,0.005
9.330166,43.548378,9.330166,0.005
9.335166,43.595055,9.335166,0.005
9.340166,43.641754,9.340166,0.005
9.345166,43.68848,9.345166,0.005
9.350166,43.73523,9.350166,0.005
9.355166,43.782005,9.355166,0.005
9.360167,43.828808,9.360167,0.005
9.365167,43.875633,9.365167,0.005
9.370167,43.922485,9.370167,0.005
9.375167,43.96936,9.375167,0.005
9.380167,44.016262,9.380167,0.005
9.385167,44.063187,9.385167,0.005
9.390167,44.110138,9.390167,0.005
9.395167,44.157112,9.395167,0.005
9.400167,44.204113,9.400167,0.005
9.405168,44.25114,9.405168,0.005
9.410168,44.29819,9.410168,0.005
9.415168,44.34527,9.415168,0.005
9.420168,44.39237,9.420168,0.005
9.425168,44.439495,9.425168,0.005
9.430168,44.486645,9.430168,0.005
9.435168,44.53382,9.435168,0.005
9.440168,44.58102,9.440168,0.005
9.4451685,44.628246,9.4451685,0.005
9.450169,44.6755,9.450169,0.005
9.455169,44.722775,9.455169,0.005
9.460169,44.770077,9.460169,0.005
9.465169,44.8174,9.465169,0.005
9.470169,44.864754,9.470169,0.005
9.475169,44.91213,9.475169,0.005
9.480169,44.95953,9.480169,0.005
9.485169,45.006954,9.485169,0.005
9.49017,45.054405,9.49017,0.005
9.49517,45.101883,9.49517,0.005
9.50017,45.149384,9.50017,0.005
9.50517,45.19691,9.50517,0.005
9.51017,45.24446,9.51017,0.005
9.51517,45.292038,9.51517,0.005
9.52017,45.339638,9.52017,0.005
9.52517,45.387264,9.52517,0.005
9.53017,45.434914,9.53017,0.005
9.535171,45.48259,9.535171,0.005
9.540171,45.53029,9.540171,0.005
9.545171,45.578014,9.545171,0.005
9.550171,45.625767,9.550171,0.005
9.555171,45.673542,9.555171,0.005
9.560171,45.721344,9.560171,0.005
9.565171,45.76917,9.565171,0.005
9.570171,45.81702,9.570171,0.005
9.575171,45.864895,9.575171,0.005
9.580172,45.912796,9.580172,0.005
9.585172,45.96072,9.585172,0.005
9.590172,46.00867,9.590172,0.005
9.595172,46.05665,9.595172,0.005
9.600172,46.10465,9.600172,0.005
9.605172,46.152676,9.605172,0.005
9.610172,46.200726,9.610172,0.005
9.615172,46.248802,9.615172,0.005
9.6201725,46.2969,9.6201725,0.005
9.625173,46.345028,9.625173,0.005
9.630173,46.393177,9.630173,0.005
9.635173,46.441353,9.635173,0.005
9.640173,46.489555,9.640173,0.005
9.645173,46.53778,9.645173,0.005
9.650173,46.586033,9.650173,0.005
9.655173,46.634308,9.655173,0.005
9.660173,46.68261,9.660173,0.005
9.665174,46.730934,9.665174,0.005
9.670174,46.779285,9.670174,0.005
9.675174,46.82766,9.675174,0.005
9.680174,46.87606,9.680174,0.005
9.685174,46.924488,9.685174,0.005
9.690174,46.97294,9.690174,0.005
9.695174,47.021416,9.695174,0.005
9.700174,47.069916,9.700174,0.005
9.705174,47.118443,9.705174,0.005
9.710175,47.166992,9.710175,0.005
9.715175,47.21557,9.715175,0.005
9.720175,47.264168,9.720175,0.005
9.725175,47.312794,9.725175,0.005
9.730175,47.361446,9.730175,0.005
9.735175,47.410122,9.735175,0.005
9.740175,47.458824,9.740175,0.005
9.745175,47.50755,9.745175,0.005
9.750175,47.5563,9.750175,0.005
9.755176,47.605076,9.755176,0.005
9.760176,47.653877,9.760176,0.005
9.765176,47.7027,9.765176,0.005
9.770176,47.751553,9.770176,0.005
9.775176,47.80043,9.775176,0.005
9.780176,47.84933,9.780176,0.005
9.785176,47.89826,9.785176,0.005
9.790176,47.94721,9.790176,0.005
9.7951765,47.996185,9.7951765,0.005
9.800177,48.045185,9.800177,0.005
9.805177,48.09421,9.805177,0.005
9.810177,48.14326,9.810177,0.005
9.815177,48.192337,9.815177,0.005
9.820177,48.24144,9.820177,0.005
9.825177,48.290565,9.825177,0.005
9.830177,48.339718,9.830177,0.005
9.835177,48.388893,9.835177,0.005
9.840178,48.438095,9.840178,0.005
9.845178,48.48732,9.845178,0.005
9.850178,48.53657,9.850178,0.005
9.855178,48.585846,9.855178,0.005
9.860178,48.635147,9.860178,0.005
9.865178,48.68447,9.865178,0.005
9.870178,48.73382,9.870178,0.005
9.875178,48.7832,9.875178,0.005
9.880178,48.8326,9.880178,0.005
9.885179,48.882027,9.885179,0.005
9.890179,48.931477,9.890179,0.005
9.895179,48.980953,9.895179,0.005
9.900179,49.030453,9.900179,0.005
9.905179,49.07998,9.905179,0.005
9.910179,49.129528,9.910179,0.005
9.915179,49.179104,9.915179,0.005
9.920179,49.228706,9.920179,0.005
9.9251795,49.27833,9.9251795,0.005
9.93018,49.327984,9.93018,0.005
9.93518,49.37766,9.93518,0.005
9.94018,49.42736,9.94018,0.005
9.94518,49.477085,9.94518,0.005
9.95018,49.526836,9.95018,0.005
9.95518,49.57661,9.95518,0.005
9.96018,49.62641,9.96018,0.005
9.96518,49.67624,9.96518,0.005
9.9701805,49.72609,9.9701805,0.005
9.975181,49.775967,9.975181,0.005
9.980181,49.825867,9.980181,0.005
9.985181,49.875793,9.985181,0.005
9.990181,49.925743,9.990181,0.005
9.995181,49.97572,9.995181,0.005
10.000181,50.02572,10.000181,0.005
